シーズン,話,国,店名,ハングル店名,エリア,紹介料理,看板メニュー,営業時間,定休日,口コミ,住所,韓国住所,Googleマップ,Naverマップ
S1,1,日本,中華家庭料理 羊 2号店,,東京・池袋,タンタン麺・バンサンス・餃子,汁なし担々麺 800円 / 皮も手作り焼餃子(6個) 590円 / 水餃子(6個) 490円 / 麻婆豆腐,"平日 11:30-15:00(L.O.14:30), 17:30-23:30(L.O.22:30) / 土日 11:30-23:30(L.O.22:30) ※要確認",無休,"★3.49(食べログ/1,700件超) / 番組では「羊」表記だが実店舗は中国家庭料理『楊(ヤン)2号店』(西池袋3-25-5、同一住所)。孤独のグルメの聖地。本場四川の汁なし担々麺が名物で山椒たっぷりの激辛と高評価、行列必至。",東京都豊島区西池袋3-25-5,,https://www.google.com/maps/search/?api=1&query=%E4%B8%AD%E8%8F%AF%E5%AE%B6%E5%BA%AD%E6%96%99%E7%90%86%20%E7%BE%8A%202%E5%8F%B7%E5%BA%97%20%E6%9D%B1%E4%BA%AC%E9%83%BD%E8%B1%8A%E5%B3%B6%E5%8C%BA%E8%A5%BF%E6%B1%A0%E8%A2%8B3-25-5,
S1,2,日本,House of Flavors,,神奈川・鎌倉,チーズケーキ,"チーズケーキ Sサイズ 約7,000円 / チーズケーキ Lサイズ 約16,000円",11:00-17:00(L.O.16:00) ※要確認(喫茶は週末中心・完全予約制),水曜,★3.65(食べログ/372件) / 「日本一高いチーズケーキ」として有名。鎌倉山の一軒家、完全予約制。濃厚でなめらかと絶賛され、わざわざ訪れる名店との声多数。,神奈川県鎌倉市鎌倉山3-2-10,,https://www.google.com/maps/search/?api=1&query=House%20of%20Flavors%20%E7%A5%9E%E5%A5%88%E5%B7%9D%E7%9C%8C%E9%8E%8C%E5%80%89%E5%B8%82%E9%8E%8C%E5%80%89%E5%B1%B13-2-10,
S1,3,日本,焼肉ジンギスカン つるや,,神奈川・川崎,ジンギスカン,"ジンギスカン 約990円 / カルビ 約900円 / 霜降りロース 約1,350円 / シビレ 約630円",18:00-21:30(L.O.20:50) ※要確認,火曜(※木曜も休みとの情報あり・要確認),★3.65(食べログ/389件) / 50年以上続く川崎の老舗、孤独のグルメ(season1)登場店。レトロな雰囲気とタレ・キャベツが名物。羊肉のジンギスカンがボリューム満点と高評価。現金のみ。,神奈川県川崎市川崎区日進町19-7,,https://www.google.com/maps/search/?api=1&query=%E7%84%BC%E8%82%89%E3%82%B8%E3%83%B3%E3%82%AE%E3%82%B9%E3%82%AB%E3%83%B3%20%E3%81%A4%E3%82%8B%E3%82%84%20%E7%A5%9E%E5%A5%88%E5%B7%9D%E7%9C%8C%E5%B7%9D%E5%B4%8E%E5%B8%82%E5%B7%9D%E5%B4%8E%E5%8C%BA%E6%97%A5%E9%80%B2%E7%94%BA19-7,
S1,4,日本,焼き鳥 取（toritaka）,,東京・世田谷,焼き鳥コース,"おまかせ焼き鳥コース 6,000円～8,000円目安 / 希少部位の串焼き各種",火～土 17:00-23:00(L.O.22:00) ※2026/4より改装で当面休業の情報あり・要確認,月曜・日曜,★3.46(食べログ/346件) / 二子玉川『酉たか』。希少部位を揃え備長炭で焼く職人技が光る焼鳥店。コース1名1オーダー制。質の高い串と評価高いが、改装休業の可能性あり要確認。,東京都世田谷区玉川3-21-21,,https://www.google.com/maps/search/?api=1&query=%E7%84%BC%E3%81%8D%E9%B3%A5%20%E5%8F%96%EF%BC%88toritaka%EF%BC%89%20%E6%9D%B1%E4%BA%AC%E9%83%BD%E4%B8%96%E7%94%B0%E8%B0%B7%E5%8C%BA%E7%8E%89%E5%B7%9D3-21-21,
S1,5,日本,Cafe & Restaurant Marlowe,,神奈川・横須賀,自家製プリン,自家製ビーカー入り焼きプリン / 渡りガニのスパゲティ / 地産地消イタリアンコース,"平日 ランチ11:00-14:00(L.O.), ディナー17:15-19:00(L.O.), 喫茶11:00-16:00 / 土日祝 ランチ11:00-14:00(L.O.), ディナー17:15-19:30(L.O.) ※要確認",金曜,情報なし(食べログ点数未確認) / 1984年創業のマーロウ秋谷本店。ビーカー入り手作り焼きプリン発祥の地として有名。地元の魚介・野菜を使う地産地消イタリアンも人気。海沿いの絶景カフェと好評。,神奈川県横須賀市秋谷3-6-27,,https://www.google.com/maps/search/?api=1&query=Cafe%20%26%20Restaurant%20Marlowe%20%E7%A5%9E%E5%A5%88%E5%B7%9D%E7%9C%8C%E6%A8%AA%E9%A0%88%E8%B3%80%E5%B8%82%E7%A7%8B%E8%B0%B73-6-27,
S1,6,日本,珉亭（みんてい）,,東京・下北沢,江戸湖ラーメン・赤いチャーハン,赤いチャーハン / ラーメン / ラーチャン(ラーメン+半チャーハンセット) / 餃子,11:30-23:30 ※要確認,月曜(祝日の場合は翌火曜),"★3.49(食べログ/約1,976件・中国料理百名店2023選出) / 1964年創業の下北沢の老舗町中華。食紅で赤く染めたチャーシューによる名物『赤いチャーハン』が看板。松重豊・甲本ヒロトのバイト先としても有名。昭和レトロな雰囲気と安さで人気、予算～999円。",東京都世田谷区北沢2-8-8,,https://www.google.com/maps/search/?api=1&query=%E7%8F%89%E4%BA%AD%EF%BC%88%E3%81%BF%E3%82%93%E3%81%A6%E3%81%84%EF%BC%89%20%E6%9D%B1%E4%BA%AC%E9%83%BD%E4%B8%96%E7%94%B0%E8%B0%B7%E5%8C%BA%E5%8C%97%E6%B2%A22-8-8,
S1,10,日本,唐戸市場,,山口・下関,市場の海産物各種,ふぐ(河豚)の握り / 新鮮な海鮮丼 / その日水揚げの寿司各種,"市場 月～土 5:00-15:00, 日祝 8:00-15:00 / 活きいき馬関街 金土 10:00-15:00, 日祝 8:00-15:00 ※要確認",水曜(不定休)・お盆・年始,"★3.57(食べログ/活きいき馬関街・1,023件) / 下関・関門海峡の海鮮テーマパーク的市場。週末・祝日の名物イベント『活きいき馬関街』では市場内の寿司店が競い、ふぐの握りや大ぶりで新鮮なネタを安く食べられると高評価。予算1,000～3,000円目安。",山口県下関市唐戸町5-50,,https://www.google.com/maps/search/?api=1&query=%E5%94%90%E6%88%B8%E5%B8%82%E5%A0%B4%20%E5%B1%B1%E5%8F%A3%E7%9C%8C%E4%B8%8B%E9%96%A2%E5%B8%82%E5%94%90%E6%88%B8%E7%94%BA5-50,
S1,11,日本,蜂楽饅頭,,福岡・西新,蜂楽饅頭,蜂楽饅頭(黒あん) 110円 / 蜂楽饅頭(白あん) 110円,10:00-18:00頃(売り切れ次第閉店) ※要確認,火曜,情報なし(食べログ点数未確認) / 福岡・西新中央商店街の老舗今川焼(大判焼)店。国産純はちみつ使用の生地に黒あん・白あんが選べる。地元で長年愛される名物、焼きたてが人気。,福岡県福岡市早良区西新4-9-18,,https://www.google.com/maps/search/?api=1&query=%E8%9C%82%E6%A5%BD%E9%A5%85%E9%A0%AD%20%E7%A6%8F%E5%B2%A1%E7%9C%8C%E7%A6%8F%E5%B2%A1%E5%B8%82%E6%97%A9%E8%89%AF%E5%8C%BA%E8%A5%BF%E6%96%B04-9-18,
S1,11,日本,稲葉うどん 渡辺通店,,福岡・渡辺通,うどん,ごぼう天うどん 480円 / 丸天うどん 約620円,月～金 11:00-21:00 / 土日祝 11:00-20:00 ※要確認,年始のみ(ほぼ無休),★3.34(食べログ/339件) / 番組表記は「稲葉うどん」だが実店舗は博多うどんの老舗『因幡うどん 渡辺通店』(渡辺通2-3-1・同一住所)。柔らかい博多うどんとごぼう天が看板でリーズナブル(～999円)。県民ソウルフードとして名店4選に選ばれる人気店。,福岡県福岡市中央区渡辺通2-3-1,,https://www.google.com/maps/search/?api=1&query=%E7%A8%B2%E8%91%89%E3%81%86%E3%81%A9%E3%82%93%20%E6%B8%A1%E8%BE%BA%E9%80%9A%E5%BA%97%20%E7%A6%8F%E5%B2%A1%E7%9C%8C%E7%A6%8F%E5%B2%A1%E5%B8%82%E4%B8%AD%E5%A4%AE%E5%8C%BA%E6%B8%A1%E8%BE%BA%E9%80%9A2-3-1,
S1,7,韓国,ブイル炭火カルビ,부일갈비,ソウル・永登浦区,豚カルビ,"テジカルビ（豚カルビ）1人前 約19,000ウォン（300g） / 껍데기（皮）※肉を食べ終えてから注文するとサービス提供",月・水・木 16:30-22:00／金・土・日 11:30-22:00（14:30-16:30休憩）※要確認,火曜,다이닝코드4.5点(34件)/ダコ点数90点。味4.8・価格4.5・接客4.8と高評価で『껍데기やゲジャンのサービスが嬉しい』『コスパ良し』。Netflix『隣の国のグルメイト』7話登場。行列必至が難点。,ソウル永登浦区永中路6ギル23-8,서울특별시 영등포구 영중로6길 23-8,https://www.google.com/maps/search/?api=1&query=%E3%83%96%E3%82%A4%E3%83%AB%E7%82%AD%E7%81%AB%E3%82%AB%E3%83%AB%E3%83%93%20%E3%82%BD%E3%82%A6%E3%83%AB%E6%B0%B8%E7%99%BB%E6%B5%A6%E5%8C%BA%E6%B0%B8%E4%B8%AD%E8%B7%AF6%E3%82%AE%E3%83%AB23-8,https://map.naver.com/p/search/%EB%B6%80%EC%9D%BC%EA%B0%88%EB%B9%84
S1,8,韓国,ピルドンミョノク（必洞麺屋）,필동면옥,ソウル・中区,冷麺,"冷麺（平壌冷麺）15,000ウォン / ビビン冷麺 / 수육（ゆで肉）30,000ウォン / 餃子 15,000ウォン",11:00-20:20（15:00-17:00頃 ブレイクタイム）※要確認,日曜（旧正月・秋夕などの連休も休み）,1985年創業の老舗平壌冷麺専門店。2026年ミシュランガイド ソウル ビブグルマン選出。松重豊が『これぞ本場』と評した澄んだ冷麺スープが看板。『隣の国のグルメイト』8話登場。,ソウル中区必洞3街1-5,서울특별시 중구 서애로 26 (필동3가 1-5),https://www.google.com/maps/search/?api=1&query=%E3%83%94%E3%83%AB%E3%83%89%E3%83%B3%E3%83%9F%E3%83%A7%E3%83%8E%E3%82%AF%EF%BC%88%E5%BF%85%E6%B4%9E%E9%BA%BA%E5%B1%8B%EF%BC%89%20%E3%82%BD%E3%82%A6%E3%83%AB%E4%B8%AD%E5%8C%BA%E5%BF%85%E6%B4%9E3%E8%A1%971-5,https://map.naver.com/p/search/%ED%95%84%EB%8F%99%EB%A9%B4%EC%98%A5
S1,9,韓国,薬水市場,약수시장,ソウル・中区,もち米ドーナツ・コロッケ・クルミ菓子,"クルミ菓子（ホドゥグァジャ／호두까기호두과자 약수점）21個入1箱7,000ウォン・バラ12個4,000ウォン / もち米ドーナツ（チャプサルトーナツ） / コロッケ",店舗により異なる（市場の在来店舗、概ね日中〜夕方）※要確認,情報なし（市場全体の定休日不明、店舗ごとに異なる）,1968年開設の在来市場（薬水駅すぐ南東）。『隣の国のグルメイト』街角スイーツ編でソン・シギョンと松重豊が食べ歩き。クルミ菓子は焼きたてが人気で売り切れ続出、松重豊がもち米ドーナツを気に入ったと紹介。市場のため統一スコアなし。,ソウル中区 薬水市場,서울특별시 중구 신당동 (약수역 인근),https://www.google.com/maps/search/?api=1&query=%E8%96%AC%E6%B0%B4%E5%B8%82%E5%A0%B4%20%E3%82%BD%E3%82%A6%E3%83%AB%E4%B8%AD%E5%8C%BA%20%E8%96%AC%E6%B0%B4%E5%B8%82%E5%A0%B4,https://map.naver.com/p/search/%EC%95%BD%EC%88%98%EC%8B%9C%EC%9E%A5
S1,12,韓国,ハンソンカルグクス,한성칼국수,ソウル・江南区,カルグクス,"カルグクス 11,000〜12,000ウォン / 수육（ゆで肉）小33,000／大44,000ウォン / 제육 小30,000／大39,000ウォン / 낙지볶음（タコ炒め）40,000ウォン",11:30-21:00（15:00-17:00ブレイクタイム）※要確認（11:30-20:00表記の資料もあり）,土曜,1983年創業の手打ちカルグクス老舗。다이닝코드4.0点(31件)。味4.6と高評価で『澄んだスープのカルグクスが美味しい』『수육が柔らかい』。一方で『価格が高め』との声も。『隣の国のグルメイト』12話登場。,ソウル江南区彦州路148キル14,서울특별시 강남구 언주로148길 14 (논현동),https://www.google.com/maps/search/?api=1&query=%E3%83%8F%E3%83%B3%E3%82%BD%E3%83%B3%E3%82%AB%E3%83%AB%E3%82%B0%E3%82%AF%E3%82%B9%20%E3%82%BD%E3%82%A6%E3%83%AB%E6%B1%9F%E5%8D%97%E5%8C%BA%E5%BD%A6%E5%B7%9E%E8%B7%AF148%E3%82%AD%E3%83%AB14,https://map.naver.com/p/search/%ED%95%9C%EC%84%B1%EC%B9%BC%EA%B5%AD%EC%88%98
S1,13,韓国,ウジョン ヤンコプチャン,우정양곱창,ソウル・江南区,焼きコプチャン（ホルモン）,"モドゥム（盛り合わせ）中 96,000ウォン／大 126,000ウォン / 特ヤン焼き 追加44,000ウォン / コプチャン焼き 追加48,000ウォン / 特ヤンご飯 20,000ウォン",16:30-22:00（L.O.20:30〜20:45）,日曜,다이닝코드4.3点(9件)・ブルーリボン選定店。『コプチャン界のエルメス』と称される高級ホルモン店。『脂がたっぷりで臭みなく上品』と高評価だが『価格が高め』との声。『隣の国のグルメイト』13話登場。,ソウル江南区道山大路30ギル23 1階,서울특별시 강남구 도산대로30길 23 (논현동 67-11),https://www.google.com/maps/search/?api=1&query=%E3%82%A6%E3%82%B8%E3%83%A7%E3%83%B3%20%E3%83%A4%E3%83%B3%E3%82%B3%E3%83%97%E3%83%81%E3%83%A3%E3%83%B3%20%E3%82%BD%E3%82%A6%E3%83%AB%E6%B1%9F%E5%8D%97%E5%8C%BA%E9%81%93%E5%B1%B1%E5%A4%A7%E8%B7%AF30%E3%82%AE%E3%83%AB23%201%E9%9A%8E,https://map.naver.com/p/search/%EC%9A%B0%EC%A0%95%EC%96%91%EA%B3%B1%EC%B0%BD
S2,14,日本,鶏炭火焼 らくだ山,,熊本・高森,地鶏の炭火焼き,"定食（焼き鶏・あわめし・味噌汁・卵・野菜・漬物）2,700円(税込)〜 / 焼き鶏 単品 2,150円(税込)〜 / あわめし 単品 300円(税込)",平日 11:00-16:00（最終受付）／土日祝 10:30-16:00（最終受付）,水曜,囲炉裏を囲んで地鶏を炭火焼きする人気店。待ち時間が長く満席が常で『鶏の味と香りを存分に楽しめる』と評判。ネット・電話予約は不可で直接来店制。駐車場30台。,熊本県阿蘇郡高森町高森2693-4,,https://www.google.com/maps/search/?api=1&query=%E9%B6%8F%E7%82%AD%E7%81%AB%E7%84%BC%20%E3%82%89%E3%81%8F%E3%81%A0%E5%B1%B1%20%E7%86%8A%E6%9C%AC%E7%9C%8C%E9%98%BF%E8%98%87%E9%83%A1%E9%AB%98%E6%A3%AE%E7%94%BA%E9%AB%98%E6%A3%AE2693-4,
S2,15,韓国,ナミャンジュ ジンミ アヒル炭火焼,진미오리숯불구이,京畿道・南楊州市,炭火焼きアヒル,"アヒル1羽（900g・3〜4人）60,000ウォン / アヒル1羽（700g・2人）50,000ウォン / ハーフ 35,000ウォン / ビビン麺 7,000ウォン / 味噌チゲ 5,000ウォン",11:00-20:30（15:00-16:30ブレイクタイム、L.O.19:00）,月曜（火曜休との情報もあり）※要確認,다이닝코드4.5点(17件)/ダコ点数80点。味4.9と非常に高評価。屋外席・ビニールハウス風の店で炭火焼きアヒルが名物。Netflix『クレイジーデリシャス』S2にも登場し人気急上昇。京畿道南楊州市和北面（律石里）。,京畿道南楊州市和北面栗石里452-1,경기 남양주시 와부읍 석실로율석길 58,https://www.google.com/maps/search/?api=1&query=%E3%83%8A%E3%83%9F%E3%83%A3%E3%83%B3%E3%82%B8%E3%83%A5%20%E3%82%B8%E3%83%B3%E3%83%9F%20%E3%82%A2%E3%83%92%E3%83%AB%E7%82%AD%E7%81%AB%E7%84%BC%20%E4%BA%AC%E7%95%BF%E9%81%93%E5%8D%97%E6%A5%8A%E5%B7%9E%E5%B8%82%E5%92%8C%E5%8C%97%E9%9D%A2%E6%A0%97%E7%9F%B3%E9%87%8C452-1,https://map.naver.com/p/search/%EC%A7%84%EB%AF%B8%EC%98%A4%EB%A6%AC%EC%88%AF%EB%B6%88%EA%B5%AC%EC%9D%B4
S2,16,日本,福山ラーメン（フクザンラーメン）,,福岡・田隈,豚骨ラーメン,ラーメン 600円 / 替え玉 100円 / チャーハン 450円 / 餃子 350円 / ワンタン麺 950円,月 11:00-15:00／水〜日 11:00-20:00,火曜,食べログ3.70点(961件)/2025年ラーメン百名店。福岡・田隈2-24-2の正統派博多豚骨ラーメンの老舗（実店名は『ふくちゃんラーメン 田隈本店』）。細麺＋生にんにくが隠し味。開店から行列で40分〜1時間待ちも珍しくない人気店。,福岡県福岡市早良区田隈2-24-2,,https://www.google.com/maps/search/?api=1&query=%E7%A6%8F%E5%B1%B1%E3%83%A9%E3%83%BC%E3%83%A1%E3%83%B3%EF%BC%88%E3%83%95%E3%82%AF%E3%82%B6%E3%83%B3%E3%83%A9%E3%83%BC%E3%83%A1%E3%83%B3%EF%BC%89%20%E7%A6%8F%E5%B2%A1%E7%9C%8C%E7%A6%8F%E5%B2%A1%E5%B8%82%E6%97%A9%E8%89%AF%E5%8C%BA%E7%94%B0%E9%9A%882-24-2,
S2,17,韓国,チャヤンドン スンデグクパプ,맛좋은순대국,ソウル・広津区,豚足スープご飯（スンデグク）,"スンデグクパプ 10,000ウォン／特 11,000ウォン / 술국（酒のあてスープ）20,000ウォン / 内臓 20,000ウォン / 頭肉 20,000ウォン / 수육半皿 12,000ウォン",11:00-21:00（14:00-17:00ブレイクタイム）※要確認,日曜,店名『맛좋은순대국（マッチョウン スンデグク）』。広津区自陽洞585-19の老舗。다이닝코드3.6点(6件)、接客4.7と高評価で『スープが濃厚で深い風味、臭みなく澄んだ味』。ソン・シギョンの『먹을텐데』やNetflix『美味しんぼ系』にも登場。『隣の国のグルメイト』S2とんこつ編登場。,ソウル市広津区唱仁洞585-19,서울특별시 광진구 자양번영로1길 22 (자양동 585-19),https://www.google.com/maps/search/?api=1&query=%E3%83%81%E3%83%A3%E3%83%A4%E3%83%B3%E3%83%89%E3%83%B3%20%E3%82%B9%E3%83%B3%E3%83%87%E3%82%B0%E3%82%AF%E3%83%91%E3%83%97%20%E3%82%BD%E3%82%A6%E3%83%AB%E5%B8%82%E5%BA%83%E6%B4%A5%E5%8C%BA%E5%94%B1%E4%BB%81%E6%B4%9E585-19,https://map.naver.com/p/search/%EB%A7%9B%EC%A2%8B%EC%9D%80%EC%88%9C%EB%8C%80%EA%B5%AD
S2,18,韓国,鍾路 西湖荘（ソホジャン）,서호장,ソウル・鍾路区,中華（ジャージャー麺・チャンポン）,"チャジャンミョン（ジャージャー麺）8,000ウォン / チャンポン 10,000ウォン / 酢豚（タンスユク）23,000ウォン / ユーリンチー（깐풍기）23,000ウォン",11:00〜21:00（ブレイクタイム15:00〜17:00、L.O.20:00）,日曜,ダイニングコード3.8/5（タコ点72点）。約70年の老舗で『基本に忠実な味』『コスパの良い中華』と評価。焼き餃子のカリッと感、辛くてスッキリしたチャンポンが好評。一方で『味付けが薄め』との声も。鍾路の会社員に人気。,ソウル特別市鍾路区水標路91-1,서울특별시 종로구 수표로 91-1,https://www.google.com/maps/search/?api=1&query=%E9%8D%BE%E8%B7%AF%20%E8%A5%BF%E6%B9%96%E8%8D%98%EF%BC%88%E3%82%BD%E3%83%9B%E3%82%B8%E3%83%A3%E3%83%B3%EF%BC%89%20%E3%82%BD%E3%82%A6%E3%83%AB%E7%89%B9%E5%88%A5%E5%B8%82%E9%8D%BE%E8%B7%AF%E5%8C%BA%E6%B0%B4%E6%A8%99%E8%B7%AF91-1,https://map.naver.com/p/search/%EC%84%9C%ED%98%B8%EC%9E%A5
S2,19,日本,福や（Fukuya）,,大阪・堺,お好み焼き・焼きそば,お好み焼き / 焼きそば / ソース焼きメシ / イカたまご焼き,月〜金 11:30〜22:00／日・祝 11:30〜21:00（※要確認）,木曜,Yahoo!マップ4.19、食べログ3.33（口コミ43件）。焼きそばは『ソースがあっさりなのに甘みが癖になる』と好評。創業昭和25年の老舗で三代目夫婦が継承。一品料理も豊富。,大阪府堺市堺区大町東2-1-21,,https://www.google.com/maps/search/?api=1&query=%E7%A6%8F%E3%82%84%EF%BC%88Fukuya%EF%BC%89%20%E5%A4%A7%E9%98%AA%E5%BA%9C%E5%A0%BA%E5%B8%82%E5%A0%BA%E5%8C%BA%E5%A4%A7%E7%94%BA%E6%9D%B12-1-21,
S2,20,韓国,漢江公園（漢江ラーメン）,여의도한강공원 (한강라면),ソウル・漢江,漢江ラーメン（即席ラーメン自販機）,"漢江ラーメン（袋麺を専用自販機・自動調理機で調理）約4,800ウォン〜（麺代＋調理機利用）",漢江公園内のコンビニ（セブンイレブン・CU等）に自動調理機を設置。汝矣ナル駅近くのセブンイレブンは24時間営業（※店舗により異なる・要確認）,情報なし（コンビニ営業に準ずる）,店ではなく漢江公園のコンビニで袋麺を選び自動調理機で作るスタイル。『夜風に吹かれて食べるラーメンが格別に美味しい』とSNS・口コミで人気。韓国ドラマやBTSの聖地としても有名。操作はボタン1つで簡単。,ソウル 漢江公園,서울특별시 영등포구 여의동로 330 여의도한강공원,https://www.google.com/maps/search/?api=1&query=%E6%BC%A2%E6%B1%9F%E5%85%AC%E5%9C%92%EF%BC%88%E6%BC%A2%E6%B1%9F%E3%83%A9%E3%83%BC%E3%83%A1%E3%83%B3%EF%BC%89%20%E3%82%BD%E3%82%A6%E3%83%AB%20%E6%BC%A2%E6%B1%9F%E5%85%AC%E5%9C%92,https://map.naver.com/p/search/%EC%97%AC%EC%9D%98%EB%8F%84%ED%95%9C%EA%B0%95%EA%B3%B5%EC%9B%90%20%28%ED%95%9C%EA%B0%95%EB%9D%BC%EB%A9%B4%29
S2,21,日本,和栗専門 紗織,,京都・下京区,モンブラン,"錦糸モンブラン『紗』（丹波産栗のみ）3,080円 / モンブラン『絽』（国産和栗）2,420円 / モンブラン『紬』（国産和栗）1,980円 / 栗粉もち・モンブランソフト 等",10:00〜18:00（L.O.17:30）／テイクアウト11:00〜17:00。毎朝9時より当日分の整理券配布,不定休,京丹波くりなど最高級和栗を使った絞りたて錦糸モンブランが看板。京都の人気スイーツ店として整理券制になるほどの行列。Retty・各グルメサイトで高評価。34席（テーブル・カウンター）。,京都府京都市下京区和泉屋町170-1,,https://www.google.com/maps/search/?api=1&query=%E5%92%8C%E6%A0%97%E5%B0%82%E9%96%80%20%E7%B4%97%E7%B9%94%20%E4%BA%AC%E9%83%BD%E5%BA%9C%E4%BA%AC%E9%83%BD%E5%B8%82%E4%B8%8B%E4%BA%AC%E5%8C%BA%E5%92%8C%E6%B3%89%E5%B1%8B%E7%94%BA170-1,
S2,22,日本,割烹 よし多多 店屋町店,,福岡・博多,日本産イカ料理,いか活造り / 鯛茶漬（名物） / 日本料理コース,昼 11:30〜14:30（L.O.14:00）／夜 17:00〜22:30（L.O.21:30）、土日祝は夜17:00〜22:00（L.O.21:00）,不定休,中洲川端の老舗割烹『よし田』の博多店屋町店。名物の鯛茶漬と、毎日直送の『いか活造り』が観光客にも人気。地下鉄呉服町駅から徒歩3分。,福岡県福岡市博多区店屋町1-16,,https://www.google.com/maps/search/?api=1&query=%E5%89%B2%E7%83%B9%20%E3%82%88%E3%81%97%E5%A4%9A%E5%A4%9A%20%E5%BA%97%E5%B1%8B%E7%94%BA%E5%BA%97%20%E7%A6%8F%E5%B2%A1%E7%9C%8C%E7%A6%8F%E5%B2%A1%E5%B8%82%E5%8D%9A%E5%A4%9A%E5%8C%BA%E5%BA%97%E5%B1%8B%E7%94%BA1-16,
S2,23,韓国,奉天洞 ヘテ食堂,해태식당,ソウル・冠岳区,生テナガダコ料理,"ヨンポタン定食（連浦湯）25,000ウォン / ナクチポックム（テナガダコ炒め）25,000ウォン",11:00〜22:00（※要確認）,情報なし（要確認）,Netflix『料理人ゴロー』や成始璟も訪れた人気のテナガダコ専門店。新鮮でぷりぷりのナクチ炒め、ミナリをのせて辛く炒めるのが特徴。連浦湯はテーブルで食べやすく切り分け、頭は別途茹でて提供。全羅道スタイルの惣菜も好評。やや高めだが値打ちありとの評価。,ソウル冠岳区奉天洞883-8,서울특별시 관악구 청룡1길 33,https://www.google.com/maps/search/?api=1&query=%E5%A5%89%E5%A4%A9%E6%B4%9E%20%E3%83%98%E3%83%86%E9%A3%9F%E5%A0%82%20%E3%82%BD%E3%82%A6%E3%83%AB%E5%86%A0%E5%B2%B3%E5%8C%BA%E5%A5%89%E5%A4%A9%E6%B4%9E883-8,https://map.naver.com/p/search/%ED%95%B4%ED%83%9C%EC%8B%9D%EB%8B%B9
S2,24,日本,ヨシヅカウナギ店 ほか（小倉のうなぎ）,,福岡・小倉,うなぎ料理,うなぎ蒲焼 / うな重・うな丼 / せいろ蒸し（地域により）,10:00〜21:00（案内開始10:30／L.O.20:15）。※小倉エリアの個別店舗は要確認,（吉塚うなぎ屋本店の場合）第2・4火曜＋毎週水曜、お盆・正月休み。※個別店舗は要確認,番組では小倉のうなぎ店（吉塚うなぎ屋ほか）を紹介。吉塚うなぎ屋は創業明治6年の老舗で、独自の焼き技『こなし』により外はカリッと中はふっくらの蒲焼きが名物。食べログ等で高評価。予約は電話のみ。※小倉の具体的店舗の営業情報は要確認。,福岡県北九州市小倉,,https://www.google.com/maps/search/?api=1&query=%E3%83%A8%E3%82%B7%E3%83%85%E3%82%AB%E3%82%A6%E3%83%8A%E3%82%AE%E5%BA%97%20%E3%81%BB%E3%81%8B%EF%BC%88%E5%B0%8F%E5%80%89%E3%81%AE%E3%81%86%E3%81%AA%E3%81%8E%EF%BC%89%20%E7%A6%8F%E5%B2%A1%E7%9C%8C%E5%8C%97%E4%B9%9D%E5%B7%9E%E5%B8%82%E5%B0%8F%E5%80%89,
S2,25,韓国,ヨンチョン旧式チキン,영천통닭,京畿道・議政府市,昔ながらの鶏料理,"ヨンチョン通鶏（昔ながらの丸鶏揚げ）12,000ウォン / ヤンニョム通鶏 16,000ウォン / 鶏一匹セット 20,000ウォン / コルベンイソミョン（つぶ貝そうめん和え）20,000ウォン",12:00〜24:00（※要確認）,情報なし（要確認）,議政府の昔ながらの『옛날통닭（昔通鶏）』店、ヨンチョン・カマソッ（釜）通鶏。釜で直接揚げる様子が見られ、揚げたてを店主が手で割いて提供。『親切な店主』『リーズナブル』とブログ口コミで好評。,京畿道議政府市太平路89番ギル8,경기도 의정부시 태평로89번길 8,https://www.google.com/maps/search/?api=1&query=%E3%83%A8%E3%83%B3%E3%83%81%E3%83%A7%E3%83%B3%E6%97%A7%E5%BC%8F%E3%83%81%E3%82%AD%E3%83%B3%20%E4%BA%AC%E7%95%BF%E9%81%93%E8%AD%B0%E6%94%BF%E5%BA%9C%E5%B8%82%E5%A4%AA%E5%B9%B3%E8%B7%AF89%E7%95%AA%E3%82%AE%E3%83%AB8,https://map.naver.com/p/search/%EC%98%81%EC%B2%9C%ED%86%B5%EB%8B%AD
S3,1,日本,出町ふたば／鍵善良房／ごんべえ,,京都市,豆餅・葛切り・うどんそば,"出町ふたば 名代豆餅 1個220円（2個入560円・5個入1,400円） / 鍵善良房 くずきり 1,200円 / 祇園権兵衛 きつねうどん・けいらん（玉子とじ）・親子丼",出町ふたば 8:30〜17:30／鍵善良房 四条本店 菓子9:30〜18:00・喫茶10:00〜18:00（L.O.17:30）／祇園権兵衛（ごんべえ）うどん・そば店（時間は要確認）,出町ふたば：火曜＋第4水曜（祝日の場合翌日）／鍵善良房：月曜（祝日の場合翌日）／権兵衛：要確認,京都の名店3軒。出町ふたば（創業1899年）の名代豆餅は平日も行列の絶えない人気和菓子。鍵善良房（享保年間創業・300年以上）のくずきりは吉野本葛のみ使用の絶品。祇園権兵衛は関西風の柔らかい麺が評判のそば・うどん・丼の老舗。,京都府京都市（出町柳・祇園ほか）,,https://www.google.com/maps/search/?api=1&query=%E5%87%BA%E7%94%BA%E3%81%B5%E3%81%9F%E3%81%B0%EF%BC%8F%E9%8D%B5%E5%96%84%E8%89%AF%E6%88%BF%EF%BC%8F%E3%81%94%E3%82%93%E3%81%B9%E3%81%88%20%E4%BA%AC%E9%83%BD%E5%BA%9C%E4%BA%AC%E9%83%BD%E5%B8%82%EF%BC%88%E5%87%BA%E7%94%BA%E6%9F%B3%E3%83%BB%E7%A5%87%E5%9C%92%E3%81%BB%E3%81%8B%EF%BC%89,
S3,2,韓国,トクバンアッカン／赤いトッポッキおばあさんの店,빨간떡볶이,釜山,カレトク・トッククトク・トッポッキ,"トッポッキ（1人前 約3,500ウォン） / オムク（おでん） / スンデ",08:00～18:30 ※要確認（材料がなくなり次第終了）,水曜・日曜,다이닝코드 4.2／『生活の達人（은둔식달）』『고독한 미식가』で紹介された海雲台の名店。唐辛子粉ベースの甘辛ソースと太いカレトクが特徴。スンデも美味と評判。週末は行列・駐車場なし。,釜山広域市,부산광역시 해운대구 우동1로20번가길 4,https://www.google.com/maps/search/?api=1&query=%E3%83%88%E3%82%AF%E3%83%90%E3%83%B3%E3%82%A2%E3%83%83%E3%82%AB%E3%83%B3%EF%BC%8F%E8%B5%A4%E3%81%84%E3%83%88%E3%83%83%E3%83%9D%E3%83%83%E3%82%AD%E3%81%8A%E3%81%B0%E3%81%82%E3%81%95%E3%82%93%E3%81%AE%E5%BA%97%20%E9%87%9C%E5%B1%B1%E5%BA%83%E5%9F%9F%E5%B8%82,https://map.naver.com/p/search/%EB%B9%A8%EA%B0%84%EB%96%A1%EB%B3%B6%EC%9D%B4
S3,3,日本,ラ・ヴォワチュール（La Voiture）,,京都・東山区,タルトタタン,"タルトタタン（¥1,000～1,999台）",11:30～18:00（L.O.17:00）※不定休あり、訪問前に公式サイト確認推奨,月曜（不定休あり）,食べログ3.71（754件）。スイーツWEST百名店2023選出。1971年創業、祖母から受け継ぐタルトタタン専門の老舗喫茶。4時間以上かけたキャラメリゼが評判。,京都市東山区元吉町61,,https://www.google.com/maps/search/?api=1&query=%E3%83%A9%E3%83%BB%E3%83%B4%E3%82%A9%E3%83%AF%E3%83%81%E3%83%A5%E3%83%BC%E3%83%AB%EF%BC%88La%20Voiture%EF%BC%89%20%E4%BA%AC%E9%83%BD%E5%B8%82%E6%9D%B1%E5%B1%B1%E5%8C%BA%E5%85%83%E5%90%89%E7%94%BA61,
S3,4,韓国,ファングムコンバッ（黄金豆畑）,황금콩밭,ソウル・麻浦区,豆腐料理各種,"生豆腐（생두부）16,000ウォン / 豆腐ポッサム（두부보쌈）48,000ウォン / オモガリ青国醤（두부젓국）30,000ウォン / 豆腐チャグリ（두부짜글이）12,000ウォン",月～金 11:30～21:30（ブレイクタイム15:00～17:00）／土・日 11:00～21:00,年中無休,다이닝코드 3.9（45人）／ミシュランガイド ビブグルマン選出（複数年）。毎朝国産大豆で手作りする豆腐の食感と香ばしさ、あっさりした出汁が高評価。,ソウル特別市麻浦区阿峴洞424-11,서울특별시 마포구 마포대로16길 9,https://www.google.com/maps/search/?api=1&query=%E3%83%95%E3%82%A1%E3%83%B3%E3%82%B0%E3%83%A0%E3%82%B3%E3%83%B3%E3%83%90%E3%83%83%EF%BC%88%E9%BB%84%E9%87%91%E8%B1%86%E7%95%91%EF%BC%89%20%E3%82%BD%E3%82%A6%E3%83%AB%E7%89%B9%E5%88%A5%E5%B8%82%E9%BA%BB%E6%B5%A6%E5%8C%BA%E9%98%BF%E5%B3%B4%E6%B4%9E424-11,https://map.naver.com/p/search/%ED%99%A9%EA%B8%88%EC%BD%A9%EB%B0%AD
S3,5,日本,りょうせん,,京都・中京区,鯖の煮付けなど居酒屋料理,"鯖煮（名物・価格情報なし） / ディナーお任せコース 6,500円（全7品） / ランチ定食 1,000円台～",月 18:00～22:00／火～金 11:30～13:30・18:00～22:00／土・祝 17:00～22:30,日曜（ディナーは第1・第3月曜も休）,食べログ3.44（153件）。SNS・メニュー撮影NGで来店時の期待感を大切にする店。料理の質が高く日本酒・ワインの選定も好評。俳優・松重豊の御用達としても知られる。,京都市中京区蛸薬師町293-3,,https://www.google.com/maps/search/?api=1&query=%E3%82%8A%E3%82%87%E3%81%86%E3%81%9B%E3%82%93%20%E4%BA%AC%E9%83%BD%E5%B8%82%E4%B8%AD%E4%BA%AC%E5%8C%BA%E8%9B%B8%E8%96%AC%E5%B8%AB%E7%94%BA293-3,
S3,6,韓国,ソムジン川 シジミ汁 釜山機張本店,섬진강 재첩국 (부산기장본점),釜山・機張郡,シジミ汁,"シジミ汁（재첩국）10,000ウォン / シジミ盛り合わせ1人定食（재첩모듬 1인정식）17,000ウォン / シジミ濃縮汁（재첩진국）16,000ウォン / シジミ定食2人前～ 34,000ウォン",07:00～20:00（ブレイクタイム15:00～16:00、L.O.19:40）,月曜,情報なし（具体的な評価スコアは確認できず）。全食材を国産のみ使用。シジミニラチヂミ等のサイドも提供する機張の재첩国専門店。,釜山機張郡機張邑茶城南路51番ギル28,부산광역시 기장군 기장읍 차성남로51번길 28,https://www.google.com/maps/search/?api=1&query=%E3%82%BD%E3%83%A0%E3%82%B8%E3%83%B3%E5%B7%9D%20%E3%82%B7%E3%82%B8%E3%83%9F%E6%B1%81%20%E9%87%9C%E5%B1%B1%E6%A9%9F%E5%BC%B5%E6%9C%AC%E5%BA%97%20%E9%87%9C%E5%B1%B1%E6%A9%9F%E5%BC%B5%E9%83%A1%E6%A9%9F%E5%BC%B5%E9%82%91%E8%8C%B6%E5%9F%8E%E5%8D%97%E8%B7%AF51%E7%95%AA%E3%82%AE%E3%83%AB28,https://map.naver.com/p/search/%EC%84%AC%EC%A7%84%EA%B0%95%20%EC%9E%AC%EC%B2%A9%EA%B5%AD%20%28%EB%B6%80%EC%82%B0%EA%B8%B0%EC%9E%A5%EB%B3%B8%EC%A0%90%29
S3,7,日本,Lamb House Kekere（ラムハウス ケケレ）,,北海道・札幌,ジンギスカン,"ラム刺身（ラム刺）1,290円 / 生ラムジンギスカン（アイスランド産仔羊） / 2時間飲み放題プラン 2,750円",18:30～22:00（L.O.21:30）※完全予約制（電話のみ・最大1ヶ月前から）,不定休,食べログ3.64（310件）。『ジンギスカンの正解』『羊料理の洋食店』と高評価。生後6ヶ月以内のアイスランド産仔羊を手切りで提供する新鮮さが特徴（臭みを感じるとの声も一部あり）。,北海道札幌市中央区大通西16-1-11,,https://www.google.com/maps/search/?api=1&query=Lamb%20House%20Kekere%EF%BC%88%E3%83%A9%E3%83%A0%E3%83%8F%E3%82%A6%E3%82%B9%20%E3%82%B1%E3%82%B1%E3%83%AC%EF%BC%89%20%E5%8C%97%E6%B5%B7%E9%81%93%E6%9C%AD%E5%B9%8C%E5%B8%82%E4%B8%AD%E5%A4%AE%E5%8C%BA%E5%A4%A7%E9%80%9A%E8%A5%BF16-1-11,
S3,8,韓国,スンハチプ,승하집,釜山・東萊区,茹で豚・石ダコ・炭火プルコギ,"キムチ茹で豚（김치수육・小）39,000ウォン / イカスンデ（오징어순대）15,000ウォン / 丸ごとタコ（통문어）60,000ウォン～時価 / テンチョニラチヂミ（땡초부추전）15,000ウォン",平日（月～金）16:00～24:00／週末（土・日）16:00～翌02:00,情報なし（定休日は確認できず）,店名は「승하집（スンハチプ）」。注文後に手当て・調理する『おつまみが主役』が信条。ロッテ・ジャイアンツの李承夏（イ・スンハ）選手の母が営む店で野球ファンに人気。臭みのない茹で豚・サクサクのチヂミが好評。,釜山市東萊区社稷北路5番ギル31,부산광역시 동래구 사직북로5번길 31,https://www.google.com/maps/search/?api=1&query=%E3%82%B9%E3%83%B3%E3%83%8F%E3%83%81%E3%83%97%20%E9%87%9C%E5%B1%B1%E5%B8%82%E6%9D%B1%E8%90%8A%E5%8C%BA%E7%A4%BE%E7%A8%B7%E5%8C%97%E8%B7%AF5%E7%95%AA%E3%82%AE%E3%83%AB31,https://map.naver.com/p/search/%EC%8A%B9%ED%95%98%EC%A7%91
S3,9,日本,ゆるり,,北海道・旭川,クリームチーズの山椒漬けなど,お通し 500円 / 銀鮭塩焼き 500円 / ホルモン唐揚げ 450円 / 日本酒各種 650円～800円,月～土 17:00～23:00（不定休あり）,日曜（不定休あり）,食べログ3.29（41件）。母娘で営むおばんざい居酒屋。『お通しの味付けが絶妙』『家庭的なおばんざい』と評判で、地元客・一人客・二次会に人気。,北海道旭川市3条通6丁目,,https://www.google.com/maps/search/?api=1&query=%E3%82%86%E3%82%8B%E3%82%8A%20%E5%8C%97%E6%B5%B7%E9%81%93%E6%97%AD%E5%B7%9D%E5%B8%823%E6%9D%A1%E9%80%9A6%E4%B8%81%E7%9B%AE,
S3,10,韓国,ヨンソンバン（永盛飯店）,영성방,釜山・沙下区,カンジャジャン・ウル麺,"カンジャジャン（간짜장）10,000ウォン / 三鮮ウル麺（삼선울면）12,000ウォン / ジャージャー麺（짜장면）8,000ウォン / 酢豚（탕수육・中）25,000ウォン",11:10～21:00（L.O.20:20）,水曜,다이닝코드 3.8（7人）／Netflix『미친맛집』・『生活の達人』560回・ソン・シギョン来店で有名。釜山大前で30年超続いた老舗中華が下端で再開。麺は自家製。味4.1点と高評価。,釜山沙下区下端繁栄路201番ギル36 1階,부산광역시 사하구 하신번영로201번길 36 1층,https://www.google.com/maps/search/?api=1&query=%E3%83%A8%E3%83%B3%E3%82%BD%E3%83%B3%E3%83%90%E3%83%B3%EF%BC%88%E6%B0%B8%E7%9B%9B%E9%A3%AF%E5%BA%97%EF%BC%89%20%E9%87%9C%E5%B1%B1%E6%B2%99%E4%B8%8B%E5%8C%BA%E4%B8%8B%E7%AB%AF%E7%B9%81%E6%A0%84%E8%B7%AF201%E7%95%AA%E3%82%AE%E3%83%AB36%201%E9%9A%8E,https://map.naver.com/p/search/%EC%98%81%EC%84%B1%EB%B0%A9
S3,11,日本,Wakon Homura（和魂 焔）,,大阪市,焼きテビチなど沖縄料理,焼きテビチ（炭火で焼いたとろとろコラーゲン＋チーズ） / ペペ飯（ペペロンチーノの下にご飯を敷いた〆の名物） / ゴーヤチャンプル / 島のハーブチキン,18:00～翌1:00（L.O.）,日曜・祝日,"食べログ3.56。沖縄料理中心の隠れ家居酒屋で、名物ペペ飯と焼きテビチが人気。予算3,500～4,000円前後でリーズナブルと評判。価格は情報なし（要確認）",大阪府大阪市中央区谷町3-2-14,,https://www.google.com/maps/search/?api=1&query=Wakon%20Homura%EF%BC%88%E5%92%8C%E9%AD%82%20%E7%84%94%EF%BC%89%20%E5%A4%A7%E9%98%AA%E5%BA%9C%E5%A4%A7%E9%98%AA%E5%B8%82%E4%B8%AD%E5%A4%AE%E5%8C%BA%E8%B0%B7%E7%94%BA3-2-14,
S3,12,韓国,松灘（ソンタン）チェネチプ 部隊チゲ 本店,송탄최네집부대찌개 본점,京畿道・平沢市,部隊チゲ,部隊チゲ / キムチ料理,毎日 10:00～23:00（L.O.22:00）,無休（年中無休）,식신・다이닝코드で高評価。平沢・松灘の50年伝統の部隊チゲ専門店として有名。駐車場あり,京畿道平沢市京畿大路1401,경기도 평택시 경기대로 1401,https://www.google.com/maps/search/?api=1&query=%E6%9D%BE%E7%81%98%EF%BC%88%E3%82%BD%E3%83%B3%E3%82%BF%E3%83%B3%EF%BC%89%E3%83%81%E3%82%A7%E3%83%8D%E3%83%81%E3%83%97%20%E9%83%A8%E9%9A%8A%E3%83%81%E3%82%B2%20%E6%9C%AC%E5%BA%97%20%E4%BA%AC%E7%95%BF%E9%81%93%E5%B9%B3%E6%B2%A2%E5%B8%82%E4%BA%AC%E7%95%BF%E5%A4%A7%E8%B7%AF1401,https://map.naver.com/p/search/%EC%86%A1%ED%83%84%EC%B5%9C%EB%84%A4%EC%A7%91%EB%B6%80%EB%8C%80%EC%B0%8C%EA%B0%9C%20%EB%B3%B8%EC%A0%90
S3,13,韓国,乙支路カルグクス,을지칼국수,ソウル・中区,カルグクス,カルグクス（よもぎ手打ち麺・쑥칼국수） / マンカル（手作り大判餃子入りカルグクス・만칼）,月～金 11:00～21:00／土 11:00～15:00,日曜,カルグクス評価4.4と高評価。手打ちのよもぎ麺と自家製餃子が看板。量が多く価格も手頃。『성시경 먹을텐데』でも紹介。価格は情報なし（要確認）,ソウル中区忠武路54-3,서울특별시 중구 충무로 54-3,https://www.google.com/maps/search/?api=1&query=%E4%B9%99%E6%94%AF%E8%B7%AF%E3%82%AB%E3%83%AB%E3%82%B0%E3%82%AF%E3%82%B9%20%E3%82%BD%E3%82%A6%E3%83%AB%E4%B8%AD%E5%8C%BA%E5%BF%A0%E6%AD%A6%E8%B7%AF54-3,https://map.naver.com/p/search/%EC%9D%84%EC%A7%80%EC%B9%BC%EA%B5%AD%EC%88%98
S4,38,日本,"Parfait, Coffee, Sake, Sato",,北海道・札幌,パフェ,パフェ（シメパフェ／チョコ＆マンゴー、塩キャラメル＆ピスタチオ等） / ケーキセット / コーヒー / 日本酒,平日・日・祝 13:00～24:00（L.O.23:30）／金・土・祝前日 13:00～25:00（L.O.0:30）,不定休,"食べログ3.55（約580件）。札幌・狸小路裏路地の行列店で『シメパフェ』の名店。手作りアイス・ソルベ使用のこだわりパフェが名物。1,000～2,999円",北海道札幌市中央区南4条西5-10-1,,https://www.google.com/maps/search/?api=1&query=Parfait%2C%20Coffee%2C%20Sake%2C%20Sato%20%E5%8C%97%E6%B5%B7%E9%81%93%E6%9C%AD%E5%B9%8C%E5%B8%82%E4%B8%AD%E5%A4%AE%E5%8C%BA%E5%8D%974%E6%9D%A1%E8%A5%BF5-10-1,
S4,38,韓国,無教洞プゴグッチプ,무교동북어국집,ソウル・中区,プゴヘジャンクッ（干しスケトウダラのスープ）,"プゴヘジャンクッ（干しスケトウダラのスープ）9,500ウォン / 目玉焼き追加 500ウォン",平日 7:00～20:00／週末 7:00～15:00,情報なし（※要確認）,味4.8・価格4.4・親切4.3と高評価。1968年創業の老舗単一メニュー店。ご飯・スープお代わり自由。ブルーリボン13年連続選出、ソウル未来遺産・模範飲食店,ソウル中区乙支路1ギル38,서울특별시 중구 을지로1길 38,https://www.google.com/maps/search/?api=1&query=%E7%84%A1%E6%95%99%E6%B4%9E%E3%83%97%E3%82%B4%E3%82%B0%E3%83%83%E3%83%81%E3%83%97%20%E3%82%BD%E3%82%A6%E3%83%AB%E4%B8%AD%E5%8C%BA%E4%B9%99%E6%94%AF%E8%B7%AF1%E3%82%AE%E3%83%AB38,https://map.naver.com/p/search/%EB%AC%B4%EA%B5%90%EB%8F%99%EB%B6%81%EC%96%B4%EA%B5%AD%EC%A7%91
S4,39,日本,生姜ラーメン みづの,,北海道・旭川,生姜ラーメン,しょうがラーメン 700円 / チャーシューしょうが,11:00～14:00（昼のみ営業）,水曜,食べログ3.61（約525件）。ラーメンHOKKAIDO百名店2025選出。豚骨ベース醤油に高知県産生姜を使った澄んだスープが特徴。予約不可・現金のみ,北海道旭川市常盤通2丁目,,https://www.google.com/maps/search/?api=1&query=%E7%94%9F%E5%A7%9C%E3%83%A9%E3%83%BC%E3%83%A1%E3%83%B3%20%E3%81%BF%E3%81%A5%E3%81%AE%20%E5%8C%97%E6%B5%B7%E9%81%93%E6%97%AD%E5%B7%9D%E5%B8%82%E5%B8%B8%E7%9B%A4%E9%80%9A2%E4%B8%81%E7%9B%AE,
S4,40,韓国,統一村 チャンダン豆マウル,통일촌장단콩마을,京畿道・坡州市,長湍豆・豆腐料理,"長湍豆チョングッチャン定食 9,000ウォン / コンビジ定食 9,000ウォン / 海鮮豆腐チョンゴル 30,000～50,000ウォン / 豆腐ポッサム",11:00～17:00,情報なし（※要確認）,다이닝코드で高評価。DMZ民間人統制区域の清浄地域産・坡州特産『長湍豆（チャンダンコン）』を使った各種豆腐料理が名物。豆4種（味噌・チョングッチャン・おから・スンドゥブ）が並ぶ定食が代表,京畿道坡州市軍内面統一村ギル64,경기도 파주시 군내면 통일촌길 64,https://www.google.com/maps/search/?api=1&query=%E7%B5%B1%E4%B8%80%E6%9D%91%20%E3%83%81%E3%83%A3%E3%83%B3%E3%83%80%E3%83%B3%E8%B1%86%E3%83%9E%E3%82%A6%E3%83%AB%20%E4%BA%AC%E7%95%BF%E9%81%93%E5%9D%A1%E5%B7%9E%E5%B8%82%E8%BB%8D%E5%86%85%E9%9D%A2%E7%B5%B1%E4%B8%80%E6%9D%91%E3%82%AE%E3%83%AB64,https://map.naver.com/p/search/%ED%86%B5%EC%9D%BC%EC%B4%8C%EC%9E%A5%EB%8B%A8%EC%BD%A9%EB%A7%88%EC%9D%84
S4,41,日本,北の富士 本店 さくらや,,北海道・旭川,ちゃんこ鍋,ちゃんこ鍋（知床鶏ちゃんこ、毛ガニ味噌ちゃんこ等） / きしめん（ランチ）,11:00～14:30（L.O.14:00）／16:30～21:00（L.O.20:00）※火曜は夜のみ,月曜（祝日の場合は営業、翌日休み）,"食べログ3.39（約110件）。創業以来80年以上こだわり続けた特製スープが看板。ディナー5,000円前後、ランチ2,000円前後。価格は情報なし（要確認）",北海道旭川市1条通3,,https://www.google.com/maps/search/?api=1&query=%E5%8C%97%E3%81%AE%E5%AF%8C%E5%A3%AB%20%E6%9C%AC%E5%BA%97%20%E3%81%95%E3%81%8F%E3%82%89%E3%82%84%20%E5%8C%97%E6%B5%B7%E9%81%93%E6%97%AD%E5%B7%9D%E5%B8%821%E6%9D%A1%E9%80%9A3,
S4,42,韓国,ソリョン（瑞鈴）,서령,ソウル・中区,神仙爐・韓牛プルコギ,"神仙爐（シンソルロ） / ソリョン雪花プルコギ（韓牛・150g）39,000ウォン / ソリョン純麺（平壌冷麺）17,000ウォン / ハンジョン製肉（200g）37,000ウォン",11:00～21:30（L.O.20:30）,無休（ブレイクタイムなし）,다이닝코드4.6（97点）。ミシュランガイド2025ビブグルマン選出、『성시경 먹을텐데』紹介店。韓牛雌牛の深い出汁と自家製粉の純そば麺（平壌冷麺）が看板。神仙爐・韓牛プルコギも提供,ソウル中区南大門路5街120,서울특별시 중구 소월로 10 단암빌딩 1층,https://www.google.com/maps/search/?api=1&query=%E3%82%BD%E3%83%AA%E3%83%A7%E3%83%B3%EF%BC%88%E7%91%9E%E9%88%B4%EF%BC%89%20%E3%82%BD%E3%82%A6%E3%83%AB%E4%B8%AD%E5%8C%BA%E5%8D%97%E5%A4%A7%E9%96%80%E8%B7%AF5%E8%A1%97120,https://map.naver.com/p/search/%EC%84%9C%EB%A0%B9
S4,43,韓国,ガルチフェグァン（太刀魚会館）,갈치회관,釜山・沙上区,太刀魚料理各種,"갈치정식（太刀魚定食・1人前）25,000ウォン / 갈치구이（太刀魚焼き・小）35,000ウォン / 갈치조림（太刀魚煮付け・1人前）18,000ウォン / 갈치회（太刀魚刺身）50,000ウォン",10:00～21:00（ブレイクタイム15:00～16:00、L.O.20:30）,情報なし（無休と思われる※要確認）,ダイニングコード4.5（評価少数・ダコ点数63）。「煮付けは量が多く美味しい」「焼きは淡白、煮付けはピリ辛で組み合わせが良い」と好評。,釜山広域市沙上区洛東大路1402 1階,부산광역시 사상구 낙동대로 1402 1층,https://www.google.com/maps/search/?api=1&query=%E3%82%AC%E3%83%AB%E3%83%81%E3%83%95%E3%82%A7%E3%82%B0%E3%82%A1%E3%83%B3%EF%BC%88%E5%A4%AA%E5%88%80%E9%AD%9A%E4%BC%9A%E9%A4%A8%EF%BC%89%20%E9%87%9C%E5%B1%B1%E5%BA%83%E5%9F%9F%E5%B8%82%E6%B2%99%E4%B8%8A%E5%8C%BA%E6%B4%9B%E6%9D%B1%E5%A4%A7%E8%B7%AF1402%201%E9%9A%8E,https://map.naver.com/p/search/%EA%B0%88%EC%B9%98%ED%9A%8C%EA%B4%80
S4,44,韓国,チェスドン カムジャタン 王十里店,재수돈감자탕 왕십리점,ソウル・城東区,カムジャタン（豚背骨煮込み）,"감자탕（カムジャタン・中）34,000ウォン／（大）39,000ウォン / 뼈해장국（豚背骨スープ）9,000ウォン / 특뼈해장국（特・骨スープ）12,000ウォン / 뼈찜（骨蒸し煮）32,000～42,000ウォン",10:00～22:00（ブレイクタイム15:20～16:30、L.O.14:50）※要確認,月曜,ダイニングコード4.6（ダコ点数76）。スープが刺激的すぎず肉が豊富でコスパ良好。歌手ソン・シギョン来訪で知名度上昇。清潔・親切と好評。,ソウル城東区行当洞292-9,"서울특별시 성동구 왕십리로21길 13, 1층",https://www.google.com/maps/search/?api=1&query=%E3%83%81%E3%82%A7%E3%82%B9%E3%83%89%E3%83%B3%20%E3%82%AB%E3%83%A0%E3%82%B8%E3%83%A3%E3%82%BF%E3%83%B3%20%E7%8E%8B%E5%8D%81%E9%87%8C%E5%BA%97%20%E3%82%BD%E3%82%A6%E3%83%AB%E5%9F%8E%E6%9D%B1%E5%8C%BA%E8%A1%8C%E5%BD%93%E6%B4%9E292-9,https://map.naver.com/p/search/%EC%9E%AC%EC%88%98%EB%8F%88%EA%B0%90%EC%9E%90%ED%83%95%20%EC%99%95%EC%8B%AD%EB%A6%AC%EC%A0%90
S4,45,韓国,木浦商会（鷺梁津水産市場内）,목포상회 (노량진수산시장),ソウル・銅雀区,刺身各種,목포상회 실속회（おすすめ刺身盛り・ヒラメ/ボラ/サーモン/旬魚）時価 / 광년회（ヒラメ・サーモン盛り）時価 / 감성돔삼선회（クロダイ・マダイ・スズキ等）時価 / 参鯛・ヒラメ刺身（小/中/大/特大）時価,08:00～21:00（土07:00～21:00、日07:00～20:00）※要確認,情報なし（無休）,ダイニングコード5.0（評価少数・ダコ点数61）。毎朝直送の活魚を厚切りにし、新鮮さ・ボリューム・親切な接客で高評価。鷺梁津水産市場1階143号。,ソウル銅雀区鷺梁津洞334,서울특별시 동작구 노들로 674 노량진수산시장 1층,https://www.google.com/maps/search/?api=1&query=%E6%9C%A8%E6%B5%A6%E5%95%86%E4%BC%9A%EF%BC%88%E9%B7%BA%E6%A2%81%E6%B4%A5%E6%B0%B4%E7%94%A3%E5%B8%82%E5%A0%B4%E5%86%85%EF%BC%89%20%E3%82%BD%E3%82%A6%E3%83%AB%E9%8A%85%E9%9B%80%E5%8C%BA%E9%B7%BA%E6%A2%81%E6%B4%A5%E6%B4%9E334,https://map.naver.com/p/search/%EB%AA%A9%ED%8F%AC%EC%83%81%ED%9A%8C%20%28%EB%85%B8%EB%9F%89%EC%A7%84%EC%88%98%EC%82%B0%EC%8B%9C%EC%9E%A5%29
S4,46,韓国,山城大価（サンソンデガ）,산성대가,京畿道・広州市,鶏の水炊き,"엄나무백숙（ハリギリ入り鶏水炊き）68,000ウォン / 능이버섯닭백숙（ノイ茸入り鶏水炊き）78,000ウォン / 능이버섯오리백숙（ノイ茸入り鴨水炊き）83,000ウォン / ドングリこんにゃく/チヂミ各種 17,000ウォン",11:00～19:00（L.O.18:00）,月曜,南漢山城城内の白熟（水炊き）名店。看板はハリギリ入り鶏白熟で「水曜美食会」白熟編で紹介。素朴で滋味深いと評判。,京畿道広州市南漢山城面山城里1002-1,경기도 광주시 남한산성면 남한산성로792번길 11-12,https://www.google.com/maps/search/?api=1&query=%E5%B1%B1%E5%9F%8E%E5%A4%A7%E4%BE%A1%EF%BC%88%E3%82%B5%E3%83%B3%E3%82%BD%E3%83%B3%E3%83%87%E3%82%AC%EF%BC%89%20%E4%BA%AC%E7%95%BF%E9%81%93%E5%BA%83%E5%B7%9E%E5%B8%82%E5%8D%97%E6%BC%A2%E5%B1%B1%E5%9F%8E%E9%9D%A2%E5%B1%B1%E5%9F%8E%E9%87%8C1002-1,https://map.naver.com/p/search/%EC%82%B0%EC%84%B1%EB%8C%80%EA%B0%80
S4,47,日本,福吉（フクヨシ）カフェ,,北海道・旭川,ソフトクリーム,おこっぺ牛乳ソフト 560円 / いちごソフト 750円 / つぶあんソフト 750円 / 抹茶ソフト 740円／福吉らて 700円,営業時間に情報差あり：食べログ9:00～18:00／公式10:00～21:30※要確認,無休,食べログ3.42（口コミ約135件）。大正13年築の旧北島製粉所をリノベした軟石造りのレトロカフェ。パインランドファームのソフトや旭橋形「トキワ焼き」、グラデーションが映える福吉ラテが人気。,北海道旭川市常盤通2,,https://www.google.com/maps/search/?api=1&query=%E7%A6%8F%E5%90%89%EF%BC%88%E3%83%95%E3%82%AF%E3%83%A8%E3%82%B7%EF%BC%89%E3%82%AB%E3%83%95%E3%82%A7%20%E5%8C%97%E6%B5%B7%E9%81%93%E6%97%AD%E5%B7%9D%E5%B8%82%E5%B8%B8%E7%9B%A4%E9%80%9A2,
S4,47,韓国,オロジ・カフェ,오로지카페,京畿道・広州市,パッピンス・ナツメ茶,팥빙수（パッピンス／かき氷） / 대추차（ナツメ茶）,情報なし※要確認,情報なし※要確認,情報なし（南漢山城城内・産城里の韓屋風カフェ。代表メニューはパッピンスとナツメ茶。Tel 031-743-6554）。,京畿道広州市南漢山城面山城里590-1,경기도 광주시 남한산성면 남한산성로780번길 1,https://www.google.com/maps/search/?api=1&query=%E3%82%AA%E3%83%AD%E3%82%B8%E3%83%BB%E3%82%AB%E3%83%95%E3%82%A7%20%E4%BA%AC%E7%95%BF%E9%81%93%E5%BA%83%E5%B7%9E%E5%B8%82%E5%8D%97%E6%BC%A2%E5%B1%B1%E5%9F%8E%E9%9D%A2%E5%B1%B1%E5%9F%8E%E9%87%8C590-1,https://map.naver.com/p/search/%EC%98%A4%EB%A1%9C%EC%A7%80%EC%B9%B4%ED%8E%98
S4,48,韓国,新昌（シンチャン）クッパ 本店,신창국밥 본점,釜山・西区,豚クッパ・スンデ,돼지국밥（豚クッパ） / 순대（スンデ） / 순대국밥（スンデクッパ） / 수육（茹で豚）,09:00～21:00（L.O.20:30）,日曜,創業約50年（47～50年）の釜山式豚クッパ老舗。澄んで淡白なスープとたっぷりの肉・スンデが特徴。17種の具材で作るスンデと、その茹で汁＋牛骨・良質な肉で仕込むスープが評判。,釜山広域市西区土城洞,부산광역시 서구 보수대로 53,https://www.google.com/maps/search/?api=1&query=%E6%96%B0%E6%98%8C%EF%BC%88%E3%82%B7%E3%83%B3%E3%83%81%E3%83%A3%E3%83%B3%EF%BC%89%E3%82%AF%E3%83%83%E3%83%91%20%E6%9C%AC%E5%BA%97%20%E9%87%9C%E5%B1%B1%E5%BA%83%E5%9F%9F%E5%B8%82%E8%A5%BF%E5%8C%BA%E5%9C%9F%E5%9F%8E%E6%B4%9E,https://map.naver.com/p/search/%EC%8B%A0%EC%B0%BD%EA%B5%AD%EB%B0%A5%20%EB%B3%B8%EC%A0%90
S4,49,日本,独酌 三四郎,,北海道・旭川,新子焼き,新子焼き（若鶏半身の炭火焼き） / うなぎ料理各種 / おつまみ各種 / 日本酒各種,17:00～21:00（L.O.20:30）,日曜・月曜・祝日,ミシュランガイド北海道2012掲載、『孤独のグルメ』旭川編に登場した居酒屋の名店。パリパリの皮とジューシーな鶏肉に絶妙なタレが絡む新子焼きが看板で、日本酒との相性も抜群と評判。,北海道旭川市2条通5,,https://www.google.com/maps/search/?api=1&query=%E7%8B%AC%E9%85%8C%20%E4%B8%89%E5%9B%9B%E9%83%8E%20%E5%8C%97%E6%B5%B7%E9%81%93%E6%97%AD%E5%B7%9D%E5%B8%822%E6%9D%A1%E9%80%9A5,
S5,51,日本,Leaves Coffee,,東京・墨田区,コーヒー,スペシャルティコーヒー（エチオピア・ナチュラル等） / ドリップコーヒー / ラテ / 自家焙煎豆販売,10:00～17:00（月・金・土・日のみ営業）,火・水・木,"食べログ3.35（口コミ約100件）。2019年開業の蔵前/本所の人気ロースター。バリスタやコーヒー通が必ず名を挙げる店で、フルーティーで華やかなエチオピア・ナチュラルや落ち着いた雰囲気が高評価。価格帯1,000～1,999円。",東京都墨田区本所1-8-8,,https://www.google.com/maps/search/?api=1&query=Leaves%20Coffee%20%E6%9D%B1%E4%BA%AC%E9%83%BD%E5%A2%A8%E7%94%B0%E5%8C%BA%E6%9C%AC%E6%89%801-8-8,
S5,51,日本,つけめん 金龍,,東京・千代田区,つけ麺,特性 鰹昆布水つけめん 900円 / つけ坦坦 / 白だしラーメン / 山椒ラーメン,11:00〜15:00(L.O.15:00)/17:30〜20:30(L.O.20:30) ※要確認,不定休(公式SNS要確認),食べログ3.85。ラーメン百名店2021・2022・2023に3年連続選出。鰹昆布水つけめんが看板。カウンター7席の小さな名店で高評価だが、期待値の高さゆえ物足りなさを感じたとの声も。,東京都千代田区神田坂本町2-15-16,,https://www.google.com/maps/search/?api=1&query=%E3%81%A4%E3%81%91%E3%82%81%E3%82%93%20%E9%87%91%E9%BE%8D%20%E6%9D%B1%E4%BA%AC%E9%83%BD%E5%8D%83%E4%BB%A3%E7%94%B0%E5%8C%BA%E7%A5%9E%E7%94%B0%E5%9D%82%E6%9C%AC%E7%94%BA2-15-16,
S5,52,日本,越後屋本店,,埼玉・日高市,うなぎ,"うな重(3/4匹) 4,180円 / 特上うな重(1匹) 5,500円 / うな丼(半匹) 2,750円 / うなぎの肝焼 1串 900円",11:00〜21:00(L.O.20:00),水曜日(祝日の場合は翌日),食べログ3.55。50年継ぎ足しの秘伝ダレで焼く宮崎産うなぎ。身がふわふわ・皮はパリッと香ばしく臭みがないと好評。魚沼産コシヒカリ使用で女性にも人気。,埼玉県日高市玉川509-4,,https://www.google.com/maps/search/?api=1&query=%E8%B6%8A%E5%BE%8C%E5%B1%8B%E6%9C%AC%E5%BA%97%20%E5%9F%BC%E7%8E%89%E7%9C%8C%E6%97%A5%E9%AB%98%E5%B8%82%E7%8E%89%E5%B7%9D509-4,
S5,52,日本,大木屋 日暮里本店,,東京・日暮里,もんじゃ焼き,"肉のエアーズロック(約800gリブロースステーキ) / もんじゃ焼き(11種具材) / 肉汁メンチカツ / コース 5名31,850円〜",平日18:00〜/20:15〜、土18:00〜/20:15〜、日祝15:30〜/18:00〜 ※完全予約制 ※要確認,不定休,名物は約800gの巨大ステーキ『肉のエアーズロック』。完全予約制(5〜7名・2時間制)。ヒルナンデス等TV出演多数、漫画『ネイチャージモン』にも登場の人気店。迫力満点と高評価。,東京都荒川区西日暮里3-13-5,,https://www.google.com/maps/search/?api=1&query=%E5%A4%A7%E6%9C%A8%E5%B1%8B%20%E6%97%A5%E6%9A%AE%E9%87%8C%E6%9C%AC%E5%BA%97%20%E6%9D%B1%E4%BA%AC%E9%83%BD%E8%8D%92%E5%B7%9D%E5%8C%BA%E8%A5%BF%E6%97%A5%E6%9A%AE%E9%87%8C3-13-5,
S5,53,日本,カノン／ダンダダン,,埼玉・川越市,タコせん ほか,鐘つきたこせん 200円(かのん) / 肉汁餃子(ダンダダン) / ダンダダン定食,かのん:月火10:30〜17:00/土日10:30〜18:00 ※要確認,かのん:水・木・金曜日,かのんは時の鐘から徒歩1秒のたこせん専門店。明石焼きをエビせんで挟む『鐘つきたこせん』が観光客に大人気の食べ歩きグルメ。ダンダダンは全国140店超の肉汁餃子チェーンで、アニメ『ダンダダン』作者来店・直筆色紙あり。,埼玉県川越市,,https://www.google.com/maps/search/?api=1&query=%E3%82%AB%E3%83%8E%E3%83%B3%EF%BC%8F%E3%83%80%E3%83%B3%E3%83%80%E3%83%80%E3%83%B3%20%E5%9F%BC%E7%8E%89%E7%9C%8C%E5%B7%9D%E8%B6%8A%E5%B8%82,
S5,54,日本,鮨 かねさか,,東京・千代田区,寿司,"昼おまかせコース(鮨15貫等) 18,150円 / 夜おまかせコース(つまみ5品・鮨10貫等) 30,250円",火〜土 昼12:00〜14:00/夜17:00〜19:00・19:30〜21:30、日 昼12:00〜14:00 ※要確認,日曜夜・月曜日,銀座の名店『鮨かねさか』グループが2022年開業した永田町の一軒家鮨店。神代杉・玉欅を用いた趣ある空間でカウンター割烹を提供する高級店。,東京都千代田区永田町2-7-9,,https://www.google.com/maps/search/?api=1&query=%E9%AE%A8%20%E3%81%8B%E3%81%AD%E3%81%95%E3%81%8B%20%E6%9D%B1%E4%BA%AC%E9%83%BD%E5%8D%83%E4%BB%A3%E7%94%B0%E5%8C%BA%E6%B0%B8%E7%94%B0%E7%94%BA2-7-9,
S5,55,日本,松阪牛 炭火焼肉 東海亭,,東京・港区,焼肉おまかせ,"松阪牛食べ比べコース(11品) 8,800円 / A5ランク松阪牛各種 / ※サービス料10%別途",17:00〜23:00(L.O.22:00)、ランチは月〜金のみ ※要確認,不定休(季節休暇あり),食べログ約3.51〜3.56(約320件)。創業25年、西麻布の正統派高級焼肉店。三重県桑名直送A5松阪牛をこの立地で約1万円で堪能できコスパ良好。芸能人来店でも知られる。接待・デート向き。,東京都港区西麻布1-13-16,,https://www.google.com/maps/search/?api=1&query=%E6%9D%BE%E9%98%AA%E7%89%9B%20%E7%82%AD%E7%81%AB%E7%84%BC%E8%82%89%20%E6%9D%B1%E6%B5%B7%E4%BA%AD%20%E6%9D%B1%E4%BA%AC%E9%83%BD%E6%B8%AF%E5%8C%BA%E8%A5%BF%E9%BA%BB%E5%B8%831-13-16,
S5,56,日本,アパートうえま,,東京・港区,フレンチビストロ,"牛ほほ肉のチェリービール煮込み 1,800円 / サラダリヨネーズ 1,000円 / ジントニック ボビーズジン 1,100円",月18:00〜24:00(料理L.O.23:00)、火〜土18:00〜26:00(料理L.O.25:00) ※要確認,日曜・祝日,食べログ3.35(約101件、旧店名ル コルボオ)。アナログレコードが流れる芝浦・田町のフレンチビストロ。深夜までワイン・ビール・フレンチが楽しめ、雰囲気とコスパが良いと好評。,東京都港区芝浦3-12-3,,https://www.google.com/maps/search/?api=1&query=%E3%82%A2%E3%83%91%E3%83%BC%E3%83%88%E3%81%86%E3%81%88%E3%81%BE%20%E6%9D%B1%E4%BA%AC%E9%83%BD%E6%B8%AF%E5%8C%BA%E8%8A%9D%E6%B5%A63-12-3,
S5,57,韓国,ダラム 江東本店,다람 강동본점,ソウル・江東区,キムチ・サムギョプサル,"プレミアム盛り合わせA(カルビ三枚肉・肩ロース・ガブリ) 75,000円 / ネギ車ドル 58,000円 / 屋上味噌チゲ 8,000円 / コンドゥレ釜飯 10,000円",12:00〜23:30(ブレイク15:00〜17:00) ※要確認,情報なし(要確認),ソウル江東区城内洞の三枚肉(サムギョプサル)専門店。10種以上のキムチが名物で、2年・4年熟成の大根キムチも提供。『シックスセンス』等で紹介され話題。専用駐車場あり。,ソウル江東区城内洞443,서울특별시 강동구 양재대로85길 29,https://www.google.com/maps/search/?api=1&query=%E3%83%80%E3%83%A9%E3%83%A0%20%E6%B1%9F%E6%9D%B1%E6%9C%AC%E5%BA%97%20%E3%82%BD%E3%82%A6%E3%83%AB%E6%B1%9F%E6%9D%B1%E5%8C%BA%E5%9F%8E%E5%86%85%E6%B4%9E443,https://map.naver.com/p/search/%EB%8B%A4%EB%9E%8C%20%EA%B0%95%EB%8F%99%EB%B3%B8%EC%A0%90
S5,58,韓国,山水甲山（サンスカプサン）,산수갑산,ソウル・中区,スンデクッパ,"スンデクッパ(順大国밥) 10,000ウォン / スンデ定食 15,000ウォン / スンデ盛り合わせ(2人前) 28,000ウォン / スルクッ 26,000ウォン",11:00〜21:30(L.O.20:30、ブレイク15:00〜17:00) ※要確認,日曜日,ダイニングコード4.1(100件)。1989年創業のソウル中区の老舗スンデ専門店。臭みなく清潔なエゴマ入りスープと、テチャンスンデ・ピスンデ等多彩な部位が魅力。コスパ良好だが店内は狭く待ち時間ありとの声。,ソウル中区仁峴洞1街15-4,서울특별시 중구 을지로20길 24,https://www.google.com/maps/search/?api=1&query=%E5%B1%B1%E6%B0%B4%E7%94%B2%E5%B1%B1%EF%BC%88%E3%82%B5%E3%83%B3%E3%82%B9%E3%82%AB%E3%83%97%E3%82%B5%E3%83%B3%EF%BC%89%20%E3%82%BD%E3%82%A6%E3%83%AB%E4%B8%AD%E5%8C%BA%E4%BB%81%E5%B3%B4%E6%B4%9E1%E8%A1%9715-4,https://map.naver.com/p/search/%EC%82%B0%EC%88%98%EA%B0%91%EC%82%B0
S5,59,韓国,ヨンシネキンパプ（延西市場内）,연신내김밥 (연서시장),ソウル・恩平区,キンパプ・ジャンチグクス,"ジャンチグクス（にゅうめん風そうめん）5,500ウォン / 野菜キンパプ 3,500ウォン / ツナキンパプ 4,500ウォン / ビビングクス（混ぜそうめん）",04:00～21:00（L.O.20:30）,毎週火曜日,ダイニングコード5.0/5.0（評点69点）。延西市場内の人気店で『材料が良く、いつ行ってもキンパプらしいキンパプが食べられる』『価格も良心的で市場の雰囲気も◎』と高評価。庶民的でコスパ重視の地元密着店。,ソウル恩平区仏光洞310-11,서울특별시 은평구 통일로 850 연서시장,https://www.google.com/maps/search/?api=1&query=%E3%83%A8%E3%83%B3%E3%82%B7%E3%83%8D%E3%82%AD%E3%83%B3%E3%83%91%E3%83%97%EF%BC%88%E5%BB%B6%E8%A5%BF%E5%B8%82%E5%A0%B4%E5%86%85%EF%BC%89%20%E3%82%BD%E3%82%A6%E3%83%AB%E6%81%A9%E5%B9%B3%E5%8C%BA%E4%BB%8F%E5%85%89%E6%B4%9E310-11,https://map.naver.com/p/search/%EC%97%B0%EC%8B%A0%EB%82%B4%EA%B9%80%EB%B0%A5%20%28%EC%97%B0%EC%84%9C%EC%8B%9C%EC%9E%A5%29
S5,60,韓国,元祖マサンハルメアグチム,원조마산할매아구찜,ソウル・瑞草区,カンジャンケジャン,"カンジャンケジャン（醤油漬けワタリガニ）1人前 43,000ウォン前後 / アグチム（あんこうの蒸し煮）55,000～65,000ウォン / 生アグチム 59,000～72,000ウォン / ケアルパッパン（カニ卵ビビンバ）",ほぼ24時間営業（日曜はL.O.21:00で22:00頃まで、月～土はL.O.23:00）※要確認,情報なし（年中無休との情報）,ダイニングコード平均4.2（味5.0・親切5.0・価格3.0）。1969年創業の老舗で、アグチムだけでなくカンジャンケジャンも非常に好評。新鮮さと味わいで満足度が高いと評される。,ソウル瑞草区蚕院洞20-8,서울특별시 서초구 강남대로99길 10 (잠원동),https://www.google.com/maps/search/?api=1&query=%E5%85%83%E7%A5%96%E3%83%9E%E3%82%B5%E3%83%B3%E3%83%8F%E3%83%AB%E3%83%A1%E3%82%A2%E3%82%B0%E3%83%81%E3%83%A0%20%E3%82%BD%E3%82%A6%E3%83%AB%E7%91%9E%E8%8D%89%E5%8C%BA%E8%9A%95%E9%99%A2%E6%B4%9E20-8,https://map.naver.com/p/search/%EC%9B%90%EC%A1%B0%EB%A7%88%EC%82%B0%ED%95%A0%EB%A7%A4%EC%95%84%EA%B5%AC%EC%B0%9C
S5,61,韓国,元祖ホスサムゲタン,원조호수삼계탕,ソウル・永登浦区,エゴマサムゲタン,"エゴマ（들깨）サムゲタン 18,000ウォン（テイクアウト17,000ウォン）※単一メニュー",11:00～21:30（L.O.21:00、ブレイクタイムなし）,情報なし,ソウル3大サムゲタンの一つに数えられる名店。一般的な漢方サムゲタンと異なり、香ばしくとろみのあるエゴマ風味のスープが特徴。各種テレビ番組で紹介され、自家製コチュジャンも好評。,ソウル永登浦区道林路276,서울특별시 영등포구 도림로 276,https://www.google.com/maps/search/?api=1&query=%E5%85%83%E7%A5%96%E3%83%9B%E3%82%B9%E3%82%B5%E3%83%A0%E3%82%B2%E3%82%BF%E3%83%B3%20%E3%82%BD%E3%82%A6%E3%83%AB%E6%B0%B8%E7%99%BB%E6%B5%A6%E5%8C%BA%E9%81%93%E6%9E%97%E8%B7%AF276,https://map.naver.com/p/search/%EC%9B%90%EC%A1%B0%ED%98%B8%EC%88%98%EC%82%BC%EA%B3%84%ED%83%95
S5,62,韓国,ユジン食堂,유진식당,ソウル・鍾路区,平壌冷麺・緑豆チヂミ,"平壌冷麺（ムル冷麺）11,000ウォン / 緑豆チヂミ（ノクトゥジジム）10,000ウォン / ソルロンタン 7,000ウォン / 豚スユク 10,000ウォン",11:30～21:00（L.O.20:00、ブレイクタイム14:30～16:00）,毎週火曜日,都心・楽園商街にある安くて美味しい平壌冷麺の店として知られる。肉や緑豆チヂミを先に食べてから冷麺を頼むのが常連の食べ方。低価格で良心的との評価。,ソウル鍾路区楽園洞221,서울특별시 종로구 종로17길 40 (낙원동),https://www.google.com/maps/search/?api=1&query=%E3%83%A6%E3%82%B8%E3%83%B3%E9%A3%9F%E5%A0%82%20%E3%82%BD%E3%82%A6%E3%83%AB%E9%8D%BE%E8%B7%AF%E5%8C%BA%E6%A5%BD%E5%9C%92%E6%B4%9E221,https://map.naver.com/p/search/%EC%9C%A0%EC%A7%84%EC%8B%9D%EB%8B%B9
S6,63,日本,北條（おくかまくら ほうじょう）,,神奈川・鎌倉,ハンバーグステーキ・ビーフシチュー,葉山牛の煮込みハンバーグ（鎌倉野菜サラダ・おばんざい・ご飯・汁椀付） / 葉山牛のビーフシチュー,昼11:30～15:00（L.O.14:30）／夜17:00～20:00（L.O.19:30、夜は完全予約制・当日15時まで受付）※土日祝は11:00開店,不定休,"食べログ3.21（25件）。築90余年の古民家を改装した二階堂の隠れ家洋食店。希少な葉山牛のコク深いビーフシチューやハンバーグが評判で、野鳥のさえずりが聞こえる静かな空間が魅力。予算2,000～3,999円程度。",神奈川県鎌倉市二階堂19-7,,https://www.google.com/maps/search/?api=1&query=%E5%8C%97%E6%A2%9D%EF%BC%88%E3%81%8A%E3%81%8F%E3%81%8B%E3%81%BE%E3%81%8F%E3%82%89%20%E3%81%BB%E3%81%86%E3%81%98%E3%82%87%E3%81%86%EF%BC%89%20%E7%A5%9E%E5%A5%88%E5%B7%9D%E7%9C%8C%E9%8E%8C%E5%80%89%E5%B8%82%E4%BA%8C%E9%9A%8E%E5%A0%8219-7,
S6,64,日本,SAI（燊）,,山梨・富士河口湖,ジビエコース料理,"シェフのおまかせコース 20,000円（税込・ドリンク別）※ジビエ・淡水魚・きのこ・山菜・高原野菜を薪火調理",17:45ドアオープン／18:00スタート（完全予約制）,日曜・月曜（祝日・イベントによる不定休あり）,2024年6月オープンの『奥・山梨料理』をテーマにした複合型レストラン。狩猟免許を持つシェフ豊島雅也氏が自ら山に入り食材を採集。富士北麓の食材を薪火で引き出すイノベーティブな料理が話題。,山梨県南都留郡富士河口湖町西湖208-1,,https://www.google.com/maps/search/?api=1&query=SAI%EF%BC%88%E7%87%8A%EF%BC%89%20%E5%B1%B1%E6%A2%A8%E7%9C%8C%E5%8D%97%E9%83%BD%E7%95%99%E9%83%A1%E5%AF%8C%E5%A3%AB%E6%B2%B3%E5%8F%A3%E6%B9%96%E7%94%BA%E8%A5%BF%E6%B9%96208-1,
S6,65,日本,串揚げ 六角亭,,東京・恵比寿,串揚げ,串揚げおまかせコース（先付け・お造り二種・串揚げおまかせ八種・特選串揚げ二種・土鍋ご飯・デザート） / 和食一品料理 / 特選串揚げ（お好み）,月～土17:00～23:00（料理L.O.22:00／ドリンクL.O.22:15）／日・祝16:00～22:00（料理L.O.21:00）,正月,代官山駅正面口徒歩1分の和食と串揚げの店。一人でも利用できるカウンター席や掘りごたつの完全個室を備える。おまかせコースで旬の串揚げと和食を楽しめる隠れ家的雰囲気が好評。,東京都渋谷区恵比寿西1-36-5,,https://www.google.com/maps/search/?api=1&query=%E4%B8%B2%E6%8F%9A%E3%81%92%20%E5%85%AD%E8%A7%92%E4%BA%AD%20%E6%9D%B1%E4%BA%AC%E9%83%BD%E6%B8%8B%E8%B0%B7%E5%8C%BA%E6%81%B5%E6%AF%94%E5%AF%BF%E8%A5%BF1-36-5,
